customer_id,customer_name,region,customer_segment
100922001,Muhammed MacIntyre,Nunavut,Corporate
100922002,Barry French,Nunavut,Home Office
100922003,Clay Rozendal,Nunavut,Consumer
100922004,Carlos Soltero,Nunavut,Consumer
100922005,Carl Jackson,Nunavut,Consumer
100922006,Monica Federle,Nunavut,Consumer
100922007,Dorothy Badders,Nunavut,Home Office
100922008,Neola Schneider,Nunavut,Small Business
100922009,Carlos Daly,Nunavut,Consumer
100922010,Claudia Miner,Nunavut,Consumer
100922011,Allen Rosenblatt,Nunavut,Consumer
100922012,Sylvia Foulston,Nunavut,Consumer
100922013,Jim Radford,Nunavut,Consumer
100922014,Carl Ludwig,Nunavut,Consumer
100922015,Don Miller,Nunavut,Consumer
100922016,Annie Cyprus,Nunavut,Consumer
100922017,Grant Carroll,Nunavut,Consumer
100922018,Alan Barnes,Nunavut,Small Business
100922019,Jack Garza,Nunavut,Consumer
100922020,Julia West,Nunavut,Small Business
100922021,Eugene Barchas,Nunavut,Home Office
100922022,Edward Hooks,Nunavut,Consumer
100922023,Brad Eason,Nunavut,Consumer
100922024,Nicole Hansen,Nunavut,Consumer
100922025,Dorothy Wardle,Nunavut,Consumer
100922026,Aaron Bergman,Nunavut,Consumer
100922027,Don Jones,Nunavut,Consumer
100922028,Beth Thompson,Nunavut,Home Office
100922029,Frank Price,Nunavut,Corporate
100922030,Michelle Lonsdale,Nunavut,Corporate
100922031,Ann Chong,Nunavut,Consumer
100922032,Joy Bell,Nunavut,Consumer
100922033,Skye Norling,Nunavut,Home Office
100922034,Barry Weirich,Nunavut,Small Business
100922035,Adrian Hane,Nunavut,Consumer
100922036,Andrew Gjertsen,Nunavut,Consumer
100922037,Ralph Knight,Northwest Territories,Small Business
100922038,Beth Paige,Northwest Territories,Consumer
100922039,Bryan Davis,Northwest Territories,Corporate
100922040,Delfina Latchford,Northwest Territories,Home Office
100922041,Doug Bickford,Northwest Territories,Consumer
100922042,Jamie Kunitz,Northwest Territories,Consumer
100922043,Anthony Johnson,Northwest Territories,Consumer
100922044,Brendan Dodson,Northwest Territories,Consumer
100922045,Hunter Glantz,Northwest Territories,Home Office
100922046,Thomas Seio,Northwest Territories,Small Business
100922047,Becky Castell,Northwest Territories,Consumer
100922048,Cari Schnelling,Northwest Territories,Consumer
100922049,Chad Cunningham,Northwest Territories,Consumer
100922050,Bryan Mills,Northwest Territories,Consumer
100922051,Rick Reed,Northwest Territories,Consumer
100922052,Heather Kirkland,Northwest Territories,Consumer
100922053,Fred Wasserman,Northwest Territories,Consumer
100922054,Jack Lebron,Northwest Territories,Consumer
100922055,Mike Pelletier,Northwest Territories,Consumer
100922056,Charles McCrossin,Northwest Territories,Small Business
100922057,Charlotte Melton,Northwest Territories,Consumer
100922058,Henry Goldwyn,Northwest Territories,Small Business
100922059,Roy Skaria,Northwest Territories,Home Office
100922060,Jeremy Lonsdale,Northwest Territories,Consumer
100922061,Cindy Schnelling,Northwest Territories,Consumer
100922062,Susan Vittorini,Northwest Territories,Consumer
100922063,Toby Braunhardt,Atlantic,Consumer
100922064,Ralph Arnett,Atlantic,Consumer
100922065,Harold Engle,Atlantic,Consumer
100922066,Roy French,Atlantic,Home Office
100922067,Helen Abelman,Atlantic,Corporate
100922068,Guy Armstrong,Atlantic,Corporate
100922069,Jennifer Braxton,Atlantic,Consumer
100922070,Giulietta Baptist,Atlantic,Consumer
100922071,Erica Bern,Atlantic,Home Office
100922072,Christopher Schild,Atlantic,Small Business
100922073,Joy Smith,Atlantic,Consumer
100922074,Evan Minnotte,Atlantic,Consumer
100922075,Jenna Caffey,Atlantic,Small Business
100922076,Hilary Holden,Atlantic,Consumer
100922077,Greg Guthrie,Atlantic,Corporate
100922078,Dan Reichenbach,Atlantic,Home Office
100922079,Paul Gonzalez,Atlantic,Consumer
100922080,Filia McAdams,Atlantic,Consumer
100922081,Chuck Magee,Atlantic,Consumer
100922082,Frank Atkinson,Atlantic,Consumer
100922083,Philip Brown,Atlantic,Home Office
100922084,Jim Sink,Atlantic,Small Business
100922085,Logan Haushalter,Prarie,Consumer
100922086,Noah Childs,West,Consumer
100922087,Brian Moss,West,Consumer
100922088,Julie Creighton,West,Consumer
100922089,Sanjit Chand,West,Consumer
100922090,Matt Collins,West,Consumer
100922091,Justin Knight,West,Consumer
100922092,Rob Haberlin,West,Consumer
100922093,Christina Vanderzanden,West,Consumer
100922094,Lena Cacioppo,West,Small Business
100922095,Kimberly Carter,West,Consumer
100922096,Gene Hale,West,Small Business
100922097,Sally Knutson,West,Home Office
100922098,Marina Lichtenstein,West,Consumer
100922099,Michelle Arnett,West,Consumer
100922100,Seth Vernon,West,Consumer
100922101,Luke Weiss,West,Consumer
100922102,Christina DeMoss,West,Consumer
100922103,Sonia Sunley,West,Consumer
100922104,Anthony O'Donnell,West,Home Office
100922105,Emily Grady,West,Corporate
100922106,Alex Avila,West,Corporate
100922107,Anna Andreadi,West,Consumer
100922108,Barbara Fisher,West,Consumer
100922109,Kelly Williams,West,Home Office
100922110,Jocasta Rupert,West,Small Business
100922111,Rick Duston,West,Consumer
100922112,Angele Hood,West,Consumer
100922113,Dennis Bolton,West,Small Business
100922114,Stewart Carmichael,West,Consumer
100922115,Sarah Foster,West,Corporate
100922116,Jim Karlsson,West,Home Office
100922117,Lisa DeCherney,West,Consumer
100922118,Peter Buhler,West,Consumer
100922119,Daniel Lacy,West,Consumer
100922120,Giulietta Weimer,West,Consumer
100922121,Mike Vittorini,West,Home Office
100922122,Lela Donovan,West,Small Business
100922123,Shahid Shariari,West,Consumer
100922124,Trudy Schmidt,West,Consumer
100922125,Christopher Martinez,West,Consumer
100922126,Marc Harrigan,West,Consumer
100922127,Liz Price,West,Consumer
100922128,Ralph Kennedy,West,Consumer
100922129,Rob Dowd,West,Consumer
100922130,Khloe Miller,West,Consumer
100922131,Shahid Hopkins,West,Consumer
100922132,Kristina Nunn,West,Small Business
100922133,Ricardo Emerson,West,Consumer
100922134,Patrick O'Brill,West,Small Business
100922135,Thomas Brumley,West,Home Office
100922136,Vicky Freymann,West,Consumer
100922137,Tony Chapman,West,Consumer
100922138,Sarah Bern,West,Consumer
100922139,Mark Cousins,West,Consumer
100922140,Daniel Byrd,West,Consumer
100922141,John Murray,West,Consumer
100922142,Lena Hernandez,West,Home Office
100922143,Greg Maxwell,West,Corporate
100922144,Justin Hirsh,West,Corporate
100922145,Heather Jas,West,Consumer
100922146,Philisse Overcash,West,Consumer
100922147,Neil Knudson,West,Home Office
100922148,Cathy Armstrong,West,Small Business
100922149,Chuck Mugen,West,Consumer
100922150,Bill Eplett,Atlantic,Consumer
100922151,John Grady,Atlantic,Small Business
100922152,Tanja Norvell,Atlantic,Consumer
100922153,Paul MacIntyre,Atlantic,Corporate
100922154,Matt Abelman,Atlantic,Home Office
100922155,Sarah Jordon,Atlantic,Consumer
100922156,Sally Matthias,Atlantic,Consumer
100922157,Theone Pippenger,Atlantic,Consumer
100922158,Art Ferguson,Atlantic,Consumer
100922159,Jack O'Briant,Atlantic,Home Office
100922160,Nathan Cano,Atlantic,Small Business
100922161,Michael Granlund,Atlantic,Consumer
100922162,Steve Carroll,Atlantic,Consumer
100922163,Scott Williamson,Atlantic,Consumer
100922164,Sean Wendt,Atlantic,Consumer
100922165,John Castell,Atlantic,Consumer
100922166,David Philippe,Atlantic,Consumer
100922167,Chad Sievert,Atlantic,Consumer
100922168,Shaun Weien,Atlantic,Consumer
100922169,Maya Herman,Atlantic,Consumer
100922170,Ivan Liston,Atlantic,Small Business
100922171,Brad Norvell,Atlantic,Consumer
100922172,Ken Heidel,Atlantic,Small Business
100922173,Mike Kennedy,Atlantic,Home Office
100922174,Charles Sheldon,Atlantic,Consumer
100922175,Brian Derr,Atlantic,Consumer
100922176,Roland Black,Atlantic,Consumer
100922177,Dana Kaydos,Atlantic,Consumer
100922178,Darren Koutras,West,Consumer
100922179,Neil Ducich,West,Consumer
100922180,Parhena Norris,West,Home Office
100922181,Bart Watters,West,Corporate
100922182,Mary O'Rourke,West,Corporate
100922183,Hunter Lopez,Prarie,Consumer
100922184,Nathan Mautz,Prarie,Consumer
100922185,Aaron Smayling,Prarie,Home Office
100922186,Joel Jenkins,Prarie,Small Business
100922187,Meg O'Connel,Prarie,Consumer
100922188,Hallie Redmond,Prarie,Consumer
100922189,Liz Thompson,Prarie,Small Business
100922190,Robert Waldorf,Prarie,Consumer
100922191,Helen Andreada,Prarie,Corporate
100922192,Julia Dunbar,Prarie,Home Office
100922193,Christine Sundaresam,Prarie,Consumer
100922194,Bruce Stewart,Prarie,Consumer
100922195,Guy Thornton,Prarie,Consumer
100922196,Mary Zewe,Prarie,Consumer
100922197,Ken Lonsdale,Prarie,Home Office
100922198,Maria Bertelson,Prarie,Small Business
100922199,Brian Thompson,Prarie,Consumer
100922200,Jason Gross,Prarie,Consumer
100922201,Katrina Bavinger,Ontario,Consumer
100922202,Ivan Gibson,Ontario,Consumer
100922203,Joseph Airdo,Ontario,Consumer
100922204,Lycoris Saunders,Ontario,Consumer
100922205,Dorothy Dickinson,Ontario,Consumer
100922206,Janet Molinari,Ontario,Consumer
100922207,Julie Prescott,Ontario,Consumer
100922208,Annie Thurman,Ontario,Small Business
100922209,Rob Beeghly,Ontario,Consumer
100922210,Doug O'Connell,Ontario,Small Business
100922211,Craig Carroll,Ontario,Home Office
100922212,Liz MacKendrick,Ontario,Consumer
100922213,Christine Kargatis,Ontario,Consumer
100922214,Bobby Odegard,Ontario,Consumer
100922215,Russell Applegate,Ontario,Consumer
100922216,Bill Donatelli,Ontario,Consumer
100922217,Duane Benoit,Ontario,Consumer
100922218,Harold Pawlan,Ontario,Home Office
100922219,Adam Bellavance,Ontario,Corporate
100922220,Cari Sayre,Ontario,Corporate
100922221,Sean O'Donnell,Ontario,Consumer
100922222,Sandra Glassco,Ontario,Consumer
100922223,Shirley Schmidt,Ontario,Home Office
100922224,Rick Wilson,Ontario,Small Business
100922225,Pauline Chand,Ontario,Consumer
100922226,Jennifer Halladay,Ontario,Consumer
100922227,Ritsa Hightower,Ontario,Small Business
100922228,Joni Blumstein,Ontario,Consumer
100922229,Pete Armstrong,Ontario,Corporate
100922230,Anna Gayman,Ontario,Home Office
100922231,Nat Gilpin,Ontario,Consumer
100922232,Rose O'Brian,Ontario,Consumer
100922233,Daniel Raglin,Ontario,Consumer
100922234,Corinna Mitchell,Ontario,Consumer
100922235,Eva Jacobs,Ontario,Home Office
100922236,Jas O'Carroll,Ontario,Small Business
100922237,Paul Prost,Ontario,Consumer
100922238,Michael Nguyen,Ontario,Consumer
100922239,Tamara Dahlen,Ontario,Consumer
100922240,Erin Creighton,Ontario,Consumer
100922241,Henry MacAllister,Ontario,Consumer
100922242,Candace McMahon,Ontario,Consumer
100922243,Tamara Chand,Ontario,Consumer
100922244,Duane Huffman,Ontario,Consumer
100922245,Edward Nazzal,Ontario,Consumer
100922246,Kelly Lampkin,Ontario,Small Business
100922247,Anthony Witt,Ontario,Consumer
100922248,Ted Trevino,Ontario,Small Business
100922249,Ed Ludwig,Ontario,Home Office
100922250,Jeremy Ellison,Ontario,Consumer
100922251,Alan Hwang,Ontario,Consumer
100922252,Eileen Kiefer,Ontario,Consumer
100922253,James Lanier,Ontario,Consumer
100922254,Edward Becker,Ontario,Consumer
100922255,Gary Zandusky,Ontario,Consumer
100922256,Ann Blume,Ontario,Home Office
100922257,Erin Smith,Ontario,Corporate
100922258,Allen Golden,Ontario,Corporate
100922259,Frank Carlisle,Ontario,Consumer
100922260,Gary Hansen,Ontario,Consumer
100922261,Nancy Lomonaco,Ontario,Home Office
100922262,Anna Haberlin,Ontario,Small Business
100922263,Erin Ashbrook,Ontario,Consumer
100922264,Darren Budd,Ontario,Consumer
100922265,Bill Stewart,Ontario,Small Business
100922266,Christine Phan,Ontario,Consumer
100922267,Eugene Hildebrand,Ontario,Corporate
100922268,Melanie Page,Ontario,Home Office
100922269,Jesus Ocampo,Ontario,Consumer
100922270,Darren Powers,Ontario,Consumer
100922271,Patrick Bzostek,Ontario,Consumer
100922272,Grace Kelly,Ontario,Consumer
100922273,Dan Lawera,Ontario,Home Office
100922274,George Ashbrook,Ontario,Small Business
100922275,Dave Hallsten,Ontario,Consumer
100922276,Arthur Wiediger,Ontario,Consumer
100922277,Jim Mitchum,Ontario,Consumer
100922278,Andy Yotov,Ontario,Consumer
100922279,Frank Hawley,Ontario,Consumer
100922280,Theresa Coyne,Ontario,Consumer
100922281,David Smith,Ontario,Consumer
100922282,Naresj Patel,Ontario,Consumer
100922283,Ruben Ausman,Ontario,Consumer
100922284,Larry Hughes,Ontario,Small Business
100922285,Magdelene Morse,Ontario,Consumer
100922286,Jonathan Howell,Ontario,Small Business
100922287,Linda Cazamias,Ontario,Home Office
100922288,Nat Carroll,Ontario,Consumer
100922289,Gary Mitchum,Ontario,Consumer
100922290,Matt Hagelstein,Ontario,Consumer
100922291,Andy Reiter,Ontario,Consumer
100922292,Mike Caudle,Ontario,Consumer
100922293,Cynthia Arntzen,Ontario,Consumer
100922294,Brian Stugart,Ontario,Home Office
100922295,George Bell,Ontario,Corporate
100922296,Joni Sundaresam,Ontario,Corporate
100922297,Michelle Huthwaite,Ontario,Consumer
100922298,Amy Cox,Ontario,Consumer
100922299,Cari MacIntyre,Ontario,Home Office
100922300,Eudokia Martin,Ontario,Small Business
100922301,Fred Hopkins,Ontario,Consumer
100922302,Aimee Bixby,Ontario,Consumer
100922303,Anemone Ratner,Ontario,Small Business
100922304,Chris Selesnick,Ontario,Consumer
100922305,Noel Staavos,Ontario,Corporate
100922306,Dean Braden,Ontario,Home Office
100922307,Lena Creighton,Ontario,Consumer
100922308,Matt Collister,Ontario,Consumer
100922309,Erica Smith,Ontario,Consumer
100922310,Janet Martin,Ontario,Consumer
100922311,Andrew Roberts,Ontario,Home Office
100922312,Michael Dominguez,Ontario,Small Business
100922313,Thomas Boland,Ontario,Consumer
100922314,Olvera Toch,Ontario,Consumer
100922315,Lena Radford,Ontario,Consumer
100922316,Sean Christensen,Ontario,Consumer
100922317,Todd Boyes,Ontario,Consumer
100922318,Sean Miller,Ontario,Consumer
100922319,Phillip Breyer,Ontario,Consumer
100922320,Michelle Ellison,Ontario,Consumer
100922321,Scot Coram,Ontario,Consumer
100922322,Natalie Fritzler,Ontario,Small Business
100922323,Nathan Gelder,Ontario,Consumer
100922324,Patricia Hirasaki,Ontario,Small Business
100922325,Maria Zettner,Ontario,Home Office
100922326,Matthew Clasen,Ontario,Consumer
100922327,Patrick O'Donnell,Ontario,Consumer
100922328,Harry Marie,Ontario,Consumer
100922329,Victoria Wilson,Atlantic,Consumer
100922330,Shahid Collister,Atlantic,Consumer
100922331,Thea Hendricks,Atlantic,Consumer
100922332,Corey Catlett,Atlantic,Home Office
100922333,Ed Jacobs,Atlantic,Corporate
100922334,Keith Herrera,Atlantic,Corporate
100922335,Carlos Meador,Atlantic,Consumer
100922336,Raymond Fair,Atlantic,Consumer
100922337,Karl Brown,Atlantic,Home Office
100922338,Natalie Webber,Atlantic,Small Business
100922339,Eric Barreto,Atlantic,Consumer
100922340,Barry Franz,Atlantic,Consumer
100922341,Craig Yedwab,Atlantic,Small Business
100922342,Chuck Sachs,Atlantic,Consumer
100922343,Muhammed Lee,Atlantic,Corporate
100922344,Bobby Trafton,Atlantic,Home Office
100922345,David Flashing,Atlantic,Consumer
100922346,Troy Staebel,Atlantic,Consumer
100922347,Nora Paige,Atlantic,Consumer
100922348,Harold Dahlen,Atlantic,Consumer
100922349,Jay Fine,Atlantic,Home Office
100922350,Dan Campbell,Atlantic,Small Business
100922351,George Zrebassa,Atlantic,Consumer
100922352,Eleni McCrary,Atlantic,Consumer
100922353,Astrea Jones,Atlantic,Consumer
100922354,Giulietta Dortch,Atlantic,Consumer
100922355,Cathy Hwang,Atlantic,Consumer
100922356,Damala Kotsonis,Atlantic,Consumer
100922357,Dianna Arnett,Atlantic,Consumer
100922358,Fred McMath,Atlantic,Consumer
100922359,Christy Brittain,Atlantic,Consumer
100922360,Tom Prescott,Atlantic,Small Business
100922361,Yana Sorensen,Atlantic,Consumer
100922362,Brad Thomas,Atlantic,Small Business
100922363,Cynthia Voltz,Atlantic,Home Office
100922364,Dean Percer,Atlantic,Consumer
100922365,Ben Peterman,Atlantic,Consumer
100922366,Tracy Poddar,Atlantic,Consumer
100922367,Michael Paige,Atlantic,Consumer
100922368,Corey Roper,Atlantic,Consumer
100922369,Maureen Gastineau,Atlantic,Consumer
100922370,Muhammed Yedwab,Atlantic,Home Office
100922371,Alex Grayson,Atlantic,Corporate
100922372,Chris Cortes,Atlantic,Corporate
100922373,Sara Luxemburg,Atlantic,Consumer
100922374,Eric Murdock,Atlantic,Consumer
100922375,Paul Knutson,Atlantic,Home Office
100922376,Nicole Brennan,Atlantic,Small Business
100922377,Jennifer Patt,Atlantic,Consumer
100922378,Elpida Rittenbach,Atlantic,Consumer
100922379,David Wiener,Atlantic,Small Business
100922380,Peter McVee,Atlantic,Consumer
100922381,Karen Carlisle,Atlantic,Corporate
100922382,Stefania Perrino,Atlantic,Home Office
100922383,Paul Lucas,Atlantic,Consumer
100922384,Evan Henry,Atlantic,Consumer
100922385,Alyssa Tate,Atlantic,Consumer
100922386,Michael Stewart,Atlantic,Consumer
100922387,Shirley Jackson,Atlantic,Home Office
100922388,Katherine Murray,Atlantic,Small Business
100922389,Berenike Kampe,Atlantic,Consumer
100922390,Erica Hernandez,Atlantic,Consumer
100922391,Tony Molinari,Atlantic,Consumer
100922392,Elizabeth Moffitt,Atlantic,Consumer
100922393,Deanra Eno,Atlantic,Consumer
100922394,Mark Packer,Atlantic,Consumer
100922395,Alan Shonely,Atlantic,Consumer
100922396,Katrina Willman,Atlantic,Consumer
100922397,Anthony Garverick,Atlantic,Consumer
100922398,Aaron Hawkins,Atlantic,Small Business
100922399,Dave Poirier,Atlantic,Consumer
100922400,Bradley Drucker,Atlantic,Small Business
100922401,Mark Haberlin,Atlantic,Home Office
100922402,Brendan Murry,Atlantic,Consumer
100922403,Emily Burns,Atlantic,Consumer
100922404,Michael Oakman,Atlantic,Consumer
100922405,Deborah Brumfield,Atlantic,Consumer
100922406,Robert Barroso,Atlantic,Consumer
100922407,Darrin Sayre,Atlantic,Consumer
100922408,Michael Kennedy,Atlantic,Home Office
100922409,Marc Crier,Atlantic,Corporate
100922410,Bobby Elias,Atlantic,Corporate
100922411,Joni Wasserman,Atlantic,Consumer
100922412,Karen Ferguson,Atlantic,Consumer
100922413,Bradley Talbott,Atlantic,Home Office
100922414,Julia Barnett,Atlantic,Small Business
100922415,Emily Phan,Atlantic,Consumer
100922416,Liz Willingham,Atlantic,Consumer
100922417,Denise Leinenbach,Atlantic,Small Business
100922418,Bill Tyler,Atlantic,Consumer
100922419,Debra Catini,Atlantic,Corporate
100922420,Becky Martin,Atlantic,Home Office
100922421,Benjamin Venier,Atlantic,Consumer
100922422,Bill Shonely,Atlantic,Consumer
100922423,Pierre Wener,Atlantic,Consumer
100922424,Julie Kriz,Atlantic,Consumer
100922425,David Kendrick,Atlantic,Home Office
100922426,Doug Jacobs,Atlantic,Small Business
100922427,Luke Foster,Quebec,Consumer
100922428,Dianna Wilson,Quebec,Consumer
100922429,Michelle Tran,Quebec,Consumer
100922430,Sanjit Jacobs,Quebec,Consumer
100922431,Barry Gonzalez,Quebec,Consumer
100922432,Vivian Mathis,Quebec,Consumer
100922433,Carol Adams,Quebec,Consumer
100922434,Vivek Gonzalez,Quebec,Consumer
100922435,Bradley Nguyen,Quebec,Consumer
100922436,Pete Takahito,Quebec,Small Business
100922437,Jason Klamczynski,Quebec,Consumer
100922438,Greg Tran,Quebec,Small Business
100922439,Gene McClure,Quebec,Home Office
100922440,Helen Wasserman,Quebec,Consumer
100922441,Ross DeVincentis,Quebec,Consumer
100922442,Valerie Mitchum,Quebec,Consumer
100922443,Bart Pistole,Quebec,Consumer
100922444,Chad McGuire,Quebec,Consumer
100922445,Scott Cohen,Quebec,Consumer
100922446,Vivek Sundaresam,Quebec,Home Office
100922447,Natalie DeCherney,Quebec,Corporate
100922448,Cynthia Delaney,Quebec,Corporate
100922449,Tom Stivers,Quebec,Consumer
100922450,Gary McGarr,Quebec,Consumer
100922451,Grant Thornton,Quebec,Home Office
100922452,Speros Goranitis,Quebec,Small Business
100922453,Ellis Ballard,Quebec,Consumer
100922454,Maribeth Dona,Quebec,Consumer
100922455,Corey Lock,Quebec,Small Business
100922456,Bart Folk,Quebec,Consumer
100922457,Anne Pryor,Quebec,Corporate
100922458,Dorris Love,Quebec,Home Office
100922459,Caroline Jumper,Quebec,Consumer
100922460,Pamela Stobb,Quebec,Consumer
100922461,Jasper Cacioppo,Quebec,Consumer
100922462,Alan Haines,Quebec,Consumer
100922463,Deirdre Greer,Quebec,Home Office
100922464,John Stevenson,Quebec,Small Business
100922465,Sheri Gordon,Quebec,Consumer
100922466,Ben Wallace,Quebec,Consumer
100922467,Max Engle,Quebec,Consumer
100922468,Fred Chung,Quebec,Consumer
100922469,Dennis Kane,Quebec,Consumer
100922470,Phillip Flathmann,Quebec,Consumer
100922471,Mathew Reese,Quebec,Consumer
100922472,Stuart Van,Quebec,Consumer
100922473,Brenda Bowman,Quebec,Consumer
100922474,Jennifer Ferguson,Quebec,Small Business
100922475,Theresa Swint,Quebec,Consumer
100922476,Katherine Nockton,Quebec,Small Business
100922477,Stewart Visinsky,Quebec,Home Office
100922478,Jeremy Farry,Quebec,Consumer
100922479,Clay Ludtke,Quebec,Consumer
100922480,Laurel Elliston,Quebec,Consumer
100922481,Mitch Webber,Quebec,Consumer
100922482,Carol Triggs,Quebec,Consumer
100922483,Justin MacKendrick,Quebec,Consumer
100922484,Sarah Brown,Quebec,Home Office
100922485,Tony Sayre,Quebec,Corporate
100922486,Dionis Lloyd,Quebec,Corporate
100922487,Lindsay Castell,Quebec,Consumer
100922488,Michael Chen,Quebec,Consumer
100922489,Toby Carlisle,Quebec,Home Office
100922490,Ted Butterfield,Quebec,Small Business
100922491,Nora Price,Quebec,Consumer
100922492,Shirley Daniels,Ontario,Consumer
100922493,Arthur Gainer,Ontario,Small Business
100922494,Stuart Calhoun,Ontario,Consumer
100922495,Arthur Prichep,Ontario,Corporate
100922496,Kean Nguyen,Ontario,Home Office
100922497,Jim Kriz,Ontario,Consumer
100922498,Harold Ryan,Ontario,Consumer
100922499,John Lucas,Ontario,Consumer
100922500,Alejandro Grove,Ontario,Consumer
100922501,Sam Zeldin,Ontario,Home Office
100922502,Sally Hughsby,Ontario,Small Business
100922503,Jane Waco,Ontario,Consumer
100922504,Sandra Flanagan,Ontario,Consumer
100922505,Steve Nguyen,Ontario,Consumer
100922506,Herbert Flentye,Ontario,Consumer
100922507,Xylona Price,Ontario,Consumer
100922508,Bill Overfelt,Ontario,Consumer
100922509,Robert Marley,Ontario,Consumer
100922510,Mick Hernandez,Ontario,Consumer
100922511,Guy Phonely,Ontario,Consumer
100922512,Jay Kimmel,Ontario,Small Business
100922513,Matt Connell,Ontario,Consumer
100922514,Vivek Grady,Ontario,Small Business
100922515,Ben Ferrer,Ontario,Home Office
100922516,Karen Daniels,Ontario,Consumer
100922517,Pamela Coakley,Ontario,Consumer
100922518,Denny Blanton,Ontario,Consumer
100922519,Laura Armstrong,Ontario,Consumer
100922520,Lindsay Shagiari,Ontario,Consumer
100922521,Cathy Prescott,Ontario,Consumer
100922522,Stephanie Ulpright,Ontario,Home Office
100922523,Odella Nelson,Ontario,Corporate
100922524,Ryan Akin,Ontario,Corporate
100922525,Todd Sumrall,Ontario,Consumer
100922526,Greg Hansen,Ontario,Consumer
100922527,Darrin Martin,Ontario,Home Office
100922528,Ken Brennan,Ontario,Small Business
100922529,Max Jones,Ontario,Consumer
100922530,Joe Kamberova,Ontario,Consumer
100922531,Maureen Fritzler,Ontario,Small Business
100922532,Art Foster,Ontario,Consumer
100922533,Erica Hackney,Ontario,Corporate
100922534,Don Weiss,Ontario,Home Office
100922535,Jessica Myrick,Ontario,Consumer
100922536,Bruce Degenhardt,Ontario,Consumer
100922537,Kalyca Meade,Ontario,Consumer
100922538,Troy Blackwell,Ontario,Consumer
100922539,Clytie Kelty,Ontario,Home Office
100922540,Steven Roelle,Ontario,Small Business
100922541,Benjamin Patterson,Ontario,Consumer
100922542,Denny Joy,Ontario,Consumer
100922543,Kristen Hastings,Ontario,Consumer
100922544,Alan Schoenberger,Ontario,Consumer
100922545,Alejandro Savely,Ontario,Consumer
100922546,Kean Thornton,Ontario,Consumer
100922547,Grant Donatelli,Ontario,Consumer
100922548,Jason Fortune,Ontario,Consumer
100922549,Dave Brooks,Atlantic,Consumer
100922550,Philip Fox,Atlantic,Small Business
100922551,Ionia McGrath,Atlantic,Consumer
100922552,Lori Olson,Atlantic,Small Business
100922553,Quincy Jones,Atlantic,Home Office
100922554,Patrick Jones,Atlantic,Consumer
100922555,Karen Seio,Atlantic,Consumer
100922556,Patrick Gardner,Atlantic,Consumer
100922557,Nona Balk,Atlantic,Consumer
100922558,Erin Mull,Atlantic,Consumer
100922559,John Lee,Prarie,Consumer
100922560,Justin Deggeller,Prarie,Home Office
100922561,Keith Dawkins,Prarie,Corporate
100922562,Joe Elijah,Prarie,Corporate
100922563,Stefanie Holloman,Prarie,Consumer
100922564,Ken Black,Prarie,Consumer
100922565,Lindsay Williams,Prarie,Home Office
100922566,Logan Currie,Prarie,Small Business
100922567,Steve Chapman,Prarie,Consumer
100922568,Scot Wooten,Prarie,Consumer
100922569,Denise Monton,Prarie,Small Business
100922570,Ed Braxton,Prarie,Consumer
100922571,Valerie Takahito,Prarie,Corporate
100922572,Penelope Sewall,Prarie,Home Office
100922573,Sean Braxton,Prarie,Consumer
100922574,Valerie Dominguez,Prarie,Consumer
100922575,Susan MacKendrick,Prarie,Consumer
100922576,Thais Sissman,Prarie,Consumer
100922577,Linda Southworth,Prarie,Home Office
100922578,Michael Moore,Prarie,Small Business
100922579,Patrick Ryan,Prarie,Consumer
100922580,Ross Baird,Prarie,Consumer
100922581,Tracy Zic,Prarie,Consumer
100922582,Mick Crebagga,Prarie,Consumer
100922583,Steven Ward,Prarie,Consumer
100922584,Ryan Crowe,Prarie,Consumer
100922585,Irene Maddox,Prarie,Consumer
100922586,Nick Radford,Prarie,Consumer
100922587,Maurice Satty,Prarie,Consumer
100922588,Victor Price,Prarie,Small Business
100922589,Maureen Grace,Prarie,Consumer
100922590,Eric Hoffmann,Prarie,Small Business
100922591,Jill Stevenson,Prarie,Home Office
100922592,Evan Bailliet,Prarie,Consumer
100922593,Meg Tillman,Prarie,Consumer
100922594,Russell D'Ascenzo,Prarie,Consumer
100922595,Gary Hwang,Prarie,Consumer
100922596,Emily Ducich,Prarie,Consumer
100922597,Steven Cartwright,Prarie,Consumer
100922598,Sue Ann Reed,Prarie,Home Office
100922599,Sanjit Engle,Prarie,Corporate
100922600,Katherine Ducich,Prarie,Corporate
100922601,Mike Gockenbach,Prarie,Consumer
100922602,Tom Zandusky,Prarie,Consumer
100922603,Henia Zydlo,Prarie,Home Office
100922604,Tracy Collins,Prarie,Small Business
100922605,Toby Knight,Prarie,Consumer
100922606,Thea Hudgings,Prarie,Consumer
100922607,Nora Pelletier,Prarie,Small Business
100922608,Jamie Frazer,Prarie,Consumer
100922609,Rachel Payne,Prarie,Corporate
100922610,Craig Molinari,Prarie,Home Office
100922611,Joy Daniels,Prarie,Consumer
100922612,Jill Fjeld,Prarie,Consumer
100922613,Rick Bensley,Prarie,Consumer
100922614,Maribeth Schnelling,Prarie,Consumer
100922615,Roland Murray,Prarie,Home Office
100922616,Peter Fuller,Prarie,Small Business
100922617,Sam Craven,Prarie,Consumer
100922618,Mitch Willingham,Prarie,Consumer
100922619,John Dryer,Prarie,Consumer
100922620,Susan Gilcrest,Prarie,Consumer
100922621,Randy Bradley,Prarie,Consumer
100922622,William Brown,Prarie,Consumer
100922623,Rick Hansen,Prarie,Consumer
100922624,Toby Grace,Prarie,Consumer
100922625,Joseph Holt,Prarie,Consumer
100922626,Ashley Jarboe,Prarie,Small Business
100922627,Pauline Webber,Prarie,Consumer
100922628,Kean Takahito,Prarie,Small Business
100922629,Nick Zandusky,Prarie,Home Office
100922630,Neoma Murray,Prarie,Consumer
100922631,Sung Chung,Prarie,Consumer
100922632,Darrin Van Huff,Prarie,Consumer
100922633,Max Ludwig,Prarie,Consumer
100922634,Michelle Moray,Prarie,Consumer
100922635,Craig Rider,Prarie,Consumer
100922636,Maribeth Yedwab,Prarie,Home Office
100922637,Eugene Moren,Prarie,Corporate
100922638,Mark Van Huff,Prarie,Corporate
100922639,Mark Hamilton,Prarie,Consumer
100922640,Sung Shariari,Prarie,Consumer
100922641,Richard Eichhorn,Prarie,Home Office
100922642,Neil French,Prarie,Small Business
100922643,Nicole Fjeld,Prarie,Consumer
100922644,Suzanne McNair,Prarie,Consumer
100922645,Susan Pistek,Prarie,Small Business
100922646,Nick Crebassa,Prarie,Consumer
100922647,Aleksandra Gannaway,Prarie,Corporate
100922648,Carl Weiss,Prarie,Home Office
100922649,Joel Eaton,Prarie,Consumer
100922650,Justin Ellison,Prarie,Consumer
100922651,Jennifer Jackson,Prarie,Consumer
100922652,Karen Bern,Prarie,Consumer
100922653,Liz Pelletier,Prarie,Home Office
100922654,Jonathan Doherty,Prarie,Small Business
100922655,Frank Gastineau,Prarie,Consumer
100922656,Janet Lee,Prarie,Consumer
100922657,Maxwell Schwartz,Prarie,Consumer
100922658,Liz Carlisle,Prarie,Consumer
100922659,Kelly Collister,Prarie,Consumer
100922660,Dennis Pardue,Prarie,Consumer
100922661,John Huston,Prarie,Consumer
100922662,MaryBeth Skach,Prarie,Consumer
100922663,Craig Carreira,Prarie,Consumer
100922664,Paul Stevenson,Prarie,Small Business
100922665,Luke Schmidt,Prarie,Consumer
100922666,Kelly Andreada,Prarie,Small Business
100922667,Tracy Hopkins,Prarie,Home Office
100922668,Craig Leslie,Prarie,Consumer
100922669,Michael Grace,Prarie,Consumer
100922670,Saphhira Shifley,Prarie,Consumer
100922671,Laurel Beltran,Prarie,Consumer
100922672,Tracy Blumstein,Prarie,Consumer
100922673,Larry Blacks,Prarie,Consumer
100922674,Richard Bierner,Prarie,Home Office
100922675,Tiffany House,Prarie,Corporate
100922676,Roy Collins,Prarie,Corporate
100922677,Toby Swindell,Prarie,Consumer
100922678,Christina Anderson,Prarie,Consumer
100922679,Robert Dilbeck,Prarie,Home Office
100922680,Randy Ferguson,Prarie,Small Business
100922681,Arianne Irving,Prarie,Consumer
100922682,Andy Gerbode,Prarie,Consumer
100922683,Amy Hunt,Prarie,Small Business
100922684,Trudy Brown,Prarie,Consumer
100922685,Brian Dahlen,Prarie,Corporate
100922686,Beth Fritzler,Atlantic,Home Office
100922687,Brosina Hoffman,Atlantic,Consumer
100922688,Phillina Ober,Atlantic,Consumer
100922689,Jim Epp,Atlantic,Consumer
100922690,James Galang,Atlantic,Consumer
100922691,Lynn Smith,Atlantic,Home Office
100922692,Christine Abelman,Atlantic,Small Business
100922693,Pauline Johnson,Atlantic,Consumer
100922694,Georgia Rosenberg,Atlantic,Consumer
100922695,Allen Armold,Atlantic,Consumer
100922696,Katherine Hughes,Yukon,Consumer
100922697,Brendan Sweed,Yukon,Consumer
100922698,Dario Medina,Yukon,Consumer
100922699,Cindy Chapman,Yukon,Consumer
100922700,Benjamin Farhat,Yukon,Consumer
100922701,Dianna Vittorini,Yukon,Consumer
100922702,Cindy Stewart,Yukon,Small Business
100922703,Rob Williams,Yukon,Consumer
100922704,Anna Chung,Yukon,Small Business
100922705,Ricardo Block,Yukon,Home Office
100922706,Trudy Bell,Yukon,Consumer
100922707,Rob Lucas,Yukon,Consumer
100922708,Adam Hart,Yukon,Consumer
100922709,Roland Fjeld,Yukon,Consumer
100922710,Denny Ordway,Yukon,Consumer
100922711,Charles Crestani,Yukon,Consumer
100922712,Bryan Spruell,Yukon,Home Office
100922713,Thomas Thornton,Yukon,Corporate
100922714,Tamara Willingham,Yukon,Corporate
100922715,Anne McFarland,Yukon,Consumer
100922716,Dean Katz,Yukon,Consumer
100922717,Barry Pond,Yukon,Home Office
100922718,Jeremy Pistek,Yukon,Small Business
100922719,Cyra Reiten,Yukon,Consumer
100922720,Victoria Pisteka,Yukon,Consumer
100922721,Dave Kipp,Yukon,Small Business
100922722,David Bremer,Yukon,Consumer
100922723,Jill Matthias,Yukon,Corporate
100922724,Tim Taslimi,Yukon,Home Office
100922725,Juliana Krohn,Yukon,Consumer
100922726,Duane Noonan,Yukon,Consumer
100922727,Paul Van Hugh,Yukon,Consumer
100922728,Tom Ashbrook,Yukon,Consumer
100922729,Maris LaWare,Yukon,Home Office
100922730,Mick Brown,Yukon,Small Business
100922731,Chris McAfee,West,Consumer
100922732,Pete Kriz,West,Consumer
100922733,Rick Huthwaite,West,Consumer
100922734,Carol Darley,West,Consumer
100922735,Fred Harton,West,Consumer
100922736,Andrew Allen,West,Consumer
100922737,Art Miller,West,Consumer
100922738,Lauren Leatherbury,West,Consumer
100922739,Greg Matthias,West,Consumer
100922740,Anthony Rawles,West,Small Business
100922741,Barry Blumstein,West,Consumer
100922742,Roger Barcio,West,Small Business
100922743,Sung Pak,West,Home Office
100922744,Tim Brockman,West,Consumer
100922745,Resi Polking,West,Consumer
100922746,Roger Demir,West,Consumer
100922747,Tamara Manning,West,Consumer
100922748,Shaun Chance,West,Consumer
100922749,Sharelle Roach,West,Consumer
100922750,Ken Dana,West,Home Office
100922751,Laurel Workman,West,Corporate
100922752,Lisa Ryan,West,Corporate
100922753,Chloris Kastensmidt,West,Consumer
100922754,Lisa Hazard,West,Consumer
100922755,Mitch Gastineau,West,Home Office
100922756,Katharine Harms,West,Small Business
100922757,Matthew Grinstein,West,Consumer
100922758,Maria Etezadi,West,Consumer
100922759,Sample Company A,West,Small Business
100922760,Sonia Cooley,West,Consumer
100922761,Sibella Parks,West,Corporate
100922762,Becky Pak,West,Home Office
100922763,Adam Shillingsburg,West,Consumer
100922764,Brooke Gillingham,West,Consumer
100922765,Tom Boeckenhauer,West,Consumer
100922766,Alex Russell,West,Consumer
100922767,Alejandro Ballentine,West,Home Office
100922768,Claire Good,West,Small Business
100922769,Alyssa Crouse,West,Consumer
100922770,Cassandra Brandow,West,Consumer
100922771,Adrian Barton,West,Consumer
100922772,Catherine Glotzbach,West,Consumer
100922773,Frank Olsen,West,Consumer
100922774,Alice McCarthy,West,Consumer
100922775,Frank Merwin,West,Consumer
100922776,Bruce Money,West,Consumer
100922777,Larry Tron,West,Consumer
100922778,Brian DeCherney,West,Small Business
100922779,Ann Steele,West,Consumer
100922780,Anthony Jacobs,West,Small Business
100922781,Katrina Edelman,West,Home Office
100922782,Ruben Dartt,West,Consumer
100922783,Roy Phan,West,Consumer
100922784,Clay Cheatham,West,Consumer
100922785,Yoseph Carroll,West,Consumer
100922786,Raymond Book,West,Consumer
100922787,Alan Dominguez,West,Consumer
100922788,Stephanie Phelps,West,Home Office
100922789,Tonja Turnell,West,Corporate
100922790,Christopher Conant,West,Corporate
100922791,Cyma Kinney,West,Consumer
100922792,Shui Tom,West,Consumer
100922793,Victoria Brennan,West,Home Office
100922794,Adrian Shami,Nunavut,Home Office
100922795,Harry Greene,Northwest Territories,Consumer
100922796,Leland Montgomery,Atlantic,Consumer
100922797,Della Bell,Prarie,Consumer
100922798,Patty Romero,West,Consumer
100922799,Arnold Ingram,Ontario,Consumer
100922800,Arthur Cohen,Quebec,Consumer
100922801,Austin Barber,Yukon,Home Office
100922802,Larry Patterson,Nunavut,Corporate
100922803,Ruby Jensen,Northwest Territories,Corporate
100922804,Philip Peterson,Atlantic,Consumer
100922805,Jody Moran,Prarie,Consumer
100922806,Joyce Nunez,West,Home Office
100922807,Sadie Bowers,Ontario,Small Business
100922808,Krystal Parker,Quebec,Consumer
100922809,Barbara Williams,Yukon,Consumer
100922810,Sheri Baker,Nunavut,Small Business
100922811,Kristine Obrien,Northwest Territories,Consumer
100922812,Samuel Sutton,Atlantic,Corporate
100922813,Jesus Singleton,Prarie,Home Office
100922814,Beatrice Ryan,West,Consumer
100922815,Terrance Rogers,Ontario,Consumer
100922816,Brandi Dixon,Quebec,Consumer
100922817,Benny Goodman,Yukon,Consumer
100922818,Anna Hall,Nunavut,Home Office
100922819,Alonzo Grant,Northwest Territories,Small Business
100922820,Alexandra Mullins,Atlantic,Consumer
100922821,Gordon Smith,Prarie,Consumer
100922822,Guillermo Hodges,West,Consumer
100922823,Darryl Owens,Ontario,Consumer
100922824,Sheldon Fuller,Quebec,Consumer
100922825,Byron Ramos,Yukon,Consumer
100922826,Eddie Stanley,Nunavut,Consumer
100922827,Shawna Holloway,Northwest Territories,Consumer
100922828,Pearl Porter,Atlantic,Consumer
100922829,Moses Phillips,Prarie,Small Business
100922830,Maggie Vargas,West,Consumer
100922831,Ida Pena,Ontario,Small Business
100922832,Ramona Hernandez,Quebec,Home Office
100922833,Cody Elliott,Yukon,Consumer
100922834,Jenny Lambert,Nunavut,Consumer
100922835,Darla Salazar,Northwest Territories,Consumer
100922836,Otis Townsend,Atlantic,Consumer
100922837,Barry Logan,Prarie,Consumer
100922838,Catherine Carter,West,Consumer
100922839,Guy Sanders,Ontario,Home Office
100922840,Dolores Burke,Quebec,Corporate
100922841,Rudy Simmons,Yukon,Corporate
100922842,Blanche Brooks,Nunavut,Consumer
100922843,Dan Holt,Northwest Territories,Consumer
100922844,Wilma Mack,Atlantic,Home Office
100922845,Lynne Hill,Prarie,Small Business
100922846,Casey Reynolds,West,Consumer
100922847,Vera Gilbert,Ontario,Consumer
100922848,June Rivera,Quebec,Small Business
100922849,Lorenzo Aguilar,Yukon,Consumer
100922850,Susan Summers,Nunavut,Corporate
100922851,Grant Pope,Northwest Territories,Home Office
100922852,Forrest Figueroa,Atlantic,Consumer
100922853,Victor Schwartz,Prarie,Consumer
100922854,Molly Massey,West,Consumer
100922855,Paula Oliver,Ontario,Consumer
100922856,Miranda Wolfe,Quebec,Home Office
100922857,Abel Mccarthy,Yukon,Small Business
100922858,Gilbert Fletcher,Nunavut,Consumer
100922859,Allison Harvey,Northwest Territories,Consumer
100922860,David Guerrero,Atlantic,Consumer
100922861,Kathleen Black,Prarie,Consumer
100922862,Lyle Rhodes,West,Consumer
100922863,Ronnie Mathis,Ontario,Consumer
100922864,Kelly Chambers,Quebec,Consumer
100922865,Albert Freeman,Yukon,Consumer
100922866,Helen Duncan,Nunavut,Consumer
100922867,Ismael Gordon,Northwest Territories,Small Business
100922868,Alexis Ramirez,Atlantic,Consumer
100922869,Sammy Hawkins,Prarie,Small Business
100922870,May Morris,West,Home Office
100922871,April Farmer,Ontario,Consumer
100922872,Cora Wade,Quebec,Consumer
100922873,Beth Love,Yukon,Consumer
100922874,Loretta Snyder,Nunavut,Consumer
100922875,Marcia Rose,Northwest Territories,Consumer
100922876,Christopher Nguyen,Atlantic,Consumer
100922877,Misty Harris,Prarie,Home Office
100922878,Luis Perry,West,Corporate
100922879,Latoya Murphy,Ontario,Corporate
100922880,Sheila Kennedy,Quebec,Consumer
100922881,Jessie Cox,Yukon,Consumer
100922882,Wm Pratt,Nunavut,Home Office
100922883,Clyde Paul,Northwest Territories,Small Business
100922884,Jamie Reese,Atlantic,Consumer
100922885,Hubert Patton,Prarie,Consumer
100922886,Laurence Brady,West,Small Business
100922887,Stacey Bass,Ontario,Consumer
100922888,Amy Young,Quebec,Corporate
100922889,Whitney Drake,Yukon,Home Office
100922890,Melissa Carroll,Nunavut,Consumer
100922891,Rodney Russell,Northwest Territories,Consumer
100922892,Vanessa Ortiz,Atlantic,Consumer
100922893,Johnnie Erickson,Prarie,Consumer
100922894,Orville Reyes,West,Home Office
100922895,Alice Rodriquez,Ontario,Small Business
100922896,Sanda Thomson,Quebec,Consumer
100922897,Dick Rauch,Yukon,Consumer
100922898,Deena Dillon,Nunavut,Consumer
100922899,Jenice Stearns,Northwest Territories,Consumer
100922900,Estrella Fortin,Atlantic,Consumer
100922901,Michel Jorgensen,Prarie,Consumer
100922902,Numbers Freitas,West,Consumer
100922903,Jannette Chastain,Ontario,Consumer
100922904,Denisha Culbertson,Quebec,Consumer
100922905,Edie Dodd,Yukon,Small Business
100922906,Brigida Esquivel,Nunavut,Consumer
100922907,Ellsworth Stine,Northwest Territories,Small Business
100922908,Tenisha Steinberg,Atlantic,Home Office
100922909,Lawana Limon,Prarie,Consumer
100922910,Mimi Dunaway,West,Consumer
100922911,Sherrell Ewing,Ontario,Consumer
100922912,Maurita Bales,Quebec,Consumer
100922913,Anibal Bergstrom,Yukon,Consumer
100922914,Elayne Blue,Nunavut,Consumer
100922915,Elida Humphries,Northwest Territories,Home Office
100922916,Mira Chan,Atlantic,Corporate
100922917,Trena Reiter,Prarie,Corporate
100922918,Regine Guinn,West,Consumer
100922919,Neta Carrington,Ontario,Consumer
100922920,Dannette Ruff,Quebec,Home Office
100922921,Lavona Binder,Yukon,Small Business
100922922,Dante Thacker,Nunavut,Consumer
100922923,Evelina Vickery,Northwest Territories,Consumer
100922924,Yee Adamson,Atlantic,Small Business
100922925,Bonita Ordonez,Prarie,Consumer
100922926,Ardella Diehl,West,Corporate
100922927,Jolynn Breen,Ontario,Home Office
100922928,Geri Crook,Quebec,Consumer
100922929,Sook Mcclure,Yukon,Consumer
100922930,Celine Morrill,Nunavut,Consumer
100922931,Rachelle Fishman,Northwest Territories,Consumer
100922932,Concha Poirier,Atlantic,Home Office
100922933,Terisa Lopes,Prarie,Small Business
100922934,Sharolyn Duckett,West,Consumer
100922935,Bettye Hollins,Ontario,Consumer
100922936,Catherin Sallee,Quebec,Consumer
100922937,Allegra Whiting,Yukon,Consumer
100922938,Bennett Luce,Nunavut,Consumer
100922939,Starr Loving,Northwest Territories,Consumer
100922940,Fabian Villasenor,Atlantic,Consumer
100922941,Eldridge Alaniz,Prarie,Consumer
100922942,Lia Pinkerton,West,Consumer
100922943,Thresa Lin,Ontario,Small Business
100922944,Iliana Poland,Quebec,Consumer
100922945,Song Conover,Yukon,Small Business
100922946,Deloris Buss,Nunavut,Home Office
100922947,Aundrea Rowell,Northwest Territories,Consumer
100922948,Teisha Tamayo,Atlantic,Consumer
100922949,Aisha Trudeau,Prarie,Consumer
100922950,Eun Freedman,West,Consumer
100922951,Waneta Lindley,Ontario,Consumer
100922952,Danyell Swartz,Quebec,Consumer
100922953,Mackenzie Polanco,Yukon,Home Office
100922954,Ronny Anders,Nunavut,Corporate
100922955,Merna Tom,Northwest Territories,Corporate
100922956,Ronda Fortner,Atlantic,Consumer
100922957,Hyon Waite,Prarie,Consumer
100922958,Porsche Deaton,West,Home Office
100922959,Adaline Behrens,Ontario,Small Business
100922960,Jeanine Proffitt,Quebec,Consumer
100922961,Candra Huynh,Yukon,Consumer
100922962,Thomas Withrow,Nunavut,Small Business
100922963,Odis Hyman,Northwest Territories,Consumer
100922964,Nanci Pantoja,Atlantic,Corporate
100922965,Lilian Jacobsen,Prarie,Home Office
100922966,Debrah Venegas,West,Consumer
100922967,Kelsie Herrington,Ontario,Consumer
100922968,Shaunte Monson,Quebec,Consumer
100922969,Norine Lucero,Yukon,Consumer
100922970,Miles Landrum,Nunavut,Home Office
100922971,Roseanne Montero,Northwest Territories,Small Business
100922972,Kristofer Solano,Atlantic,Consumer
100922973,Moira Mccue,Prarie,Consumer
100922974,Bobbie Frost,West,Consumer
100922975,Willene Cervantes,Ontario,Consumer
100922976,Starla Woodson,Quebec,Consumer
100922977,Vernon Higginbotham,Yukon,Consumer
100922978,Dallas Hamm,Nunavut,Consumer
100922979,Rivka Pederson,Northwest Territories,Consumer
100922980,Syble Crane,Atlantic,Consumer
100922981,Fern Wills,Prarie,Small Business
100922982,Dyan Waugh,West,Consumer
100922983,Emerson Sturm,Ontario,Small Business
100922984,Garnet Hoyle,Quebec,Home Office
100922985,Velva Dancy,Yukon,Consumer
100922986,Amie Lacy,Nunavut,Consumer
100922987,Mellie Newsom,Northwest Territories,Consumer
100922988,Chung Hardin,Atlantic,Consumer
100922989,Lashanda Conners,Prarie,Consumer
100922990,Adelia Finch,West,Home Office
100922991,Rayna Curran,Ontario,Consumer
100922992,Shantel Fortier,Quebec,Consumer
100922993,Alysha Mattox,Yukon,Consumer
100922994,Kelsi Parham,Nunavut,Consumer
100922995,Lettie Sena,Northwest Territories,Consumer
100922996,Debra Martin,Atlantic,Consumer
100922997,Chris Foster,Prarie,Home Office
100922998,Patricia Cox,#N/A,#N/A
100922999,John Paul,#N/A,#N/A
